{"f1_score": 0.47608, "accuracy": 0.45455}